Outcome,N,Events,LRT_chi2,LRT_df,LRT_P,Wald_chi2,Wald_P
All-cause,14124,1364,4.2239,4,0.3765533749701109,4.2031,0.37922123117182216
CV,14124,335,16.335,4,0.0026010936083391556,16.3014,0.0026402541403256485
