Term,HR,CI_Lower,CI_Upper,P_Value
CRP_MOD_x_BI,1.198,0.95,1.512,0.12705371086278394
CRP_MOD_x_HIGH,1.063,0.791,1.428,0.6867315317044257
CRP_HIGH_x_BI,1.24,0.971,1.584,0.08510681000681702
CRP_HIGH_x_HIGH,1.147,0.845,1.557,0.3775701123802774
CRP_MOD,1.041,0.862,1.259,0.6745621229481884
CRP_HIGH,1.233,1.003,1.514,0.04650914071190655
TIER_BI,1.533,1.255,1.872,2.8389040232145905e-05
TIER_HIGH,2.622,1.955,3.516,1.2128435804207993e-10
