Term,HR,CI_Lower,CI_Upper,P_Value
CRP_MOD_x_BI,1.264,0.914,1.748,0.15591260413772964
CRP_MOD_x_HIGH,1.927,1.227,3.029,0.00443360334342726
CRP_HIGH_x_BI,1.597,1.143,2.23,0.00606359817306184
CRP_HIGH_x_HIGH,1.513,0.937,2.442,0.08997347187593642
CRP_MOD,0.927,0.718,1.196,0.5584925673547252
CRP_HIGH,1.062,0.81,1.393,0.6635319890157683
TIER_BI,1.595,1.228,2.072,0.0004719016660977004
TIER_HIGH,2.679,1.778,4.038,2.484689303219596e-06
